{
  "project_info": {
    "project_number": "176108271216",
    "firebase_url": "https://blood-donation-app-2d08a.firebaseio.com",
    "project_id": "blood-donation-app-2d08a",
    "storage_bucket": "blood-donation-app-2d08a.appspot.com"
  },
  "client": [
    {
      "client_info": {
        "mobilesdk_app_id": "1:176108271216:android:bc09fac25db146d8aa66b5",
        "android_client_info": {
          "package_name": "com.example.blood_donationapp"
        }
      },
      "oauth_client": [
        {
          "client_id": "176108271216-3qied6m8ffv6ru7heugc9mnsvhqprpaj.apps.googleusercontent.com",
          "client_type": 1,
          "android_info": {
            "package_name": "com.example.blood_donationapp",
            "certificate_hash": "a6f2284515e689bb5c07e6f502c27eabbffb1ab3"
          }
        },
        {
          "client_id": "176108271216-drfuo5cnbqvk3cmq3a9gt91iotqrjkti.apps.googleusercontent.com",
          "client_type": 3
        }
      ],
      "api_key": [
        {
          "current_key": "AIzaSyBmseuQQxIkhz-RIP9wQezgLKVtEt7guzs"
        }
      ],
      "services": {
        "appinvite_service": {
          "other_platform_oauth_client": [
            {
              "client_id": "176108271216-drfuo5cnbqvk3cmq3a9gt91iotqrjkti.apps.googleusercontent.com",
              "client_type": 3
            }
          ]
        }
      }
    }
  ],
  "configuration_version": "1"
}